City_ID,City,Country,Date,Lat,Lng,Max Temp,Humidity,Cloudiness,Wind Speed
0,Avarua,CK,2022-05-12 21:22:04,-21.2078,-159.775,82.45,89,75,5.75
1,Nkowakowa,ZA,2022-05-12 21:22:05,-23.8878,30.2871,63.57,74,1,3.85
2,Busselton,AU,2022-05-12 21:22:06,-33.65,115.3333,56.23,73,95,20.09
3,Jumla,NP,2022-05-12 21:22:06,29.2747,82.1838,56.05,89,43,3.83
4,Sinnamary,GF,2022-05-12 21:22:07,5.3833,-52.95,79.12,85,9,12.19
5,Lamu,KE,2022-05-12 21:22:07,-2.2717,40.902,80.51,75,17,15.79
6,Butaritari,KI,2022-05-12 21:16:22,3.0707,172.7902,81.39,77,100,18.14
7,Tiksi,RU,2022-05-12 21:22:08,71.6872,128.8694,14.31,88,10,9.26
8,Hearst,CA,2022-05-12 21:22:09,49.6835,-83.6665,59.25,97,100,6.44
9,Powell River,CA,2022-05-12 21:22:09,49.8496,-124.5361,48.07,93,100,5.75
10,Arraial Do Cabo,BR,2022-05-12 21:22:10,-22.9661,-42.0278,75.06,73,75,6.91
11,Champerico,GT,2022-05-12 21:22:11,14.3,-91.9167,87.22,63,3,9.13
12,Saskylakh,RU,2022-05-12 21:16:22,71.9167,114.0833,11.23,92,58,14.12
13,Rawson,AR,2022-05-12 21:22:11,-43.3002,-65.1023,56.41,74,100,26.89
14,Yarke Pole,UA,2022-05-12 21:22:12,45.608,34.3172,52.93,64,2,12.24
15,Rikitea,PF,2022-05-12 21:16:06,-23.1203,-134.9692,77.4,75,10,20.11
16,Albany,US,2022-05-12 21:20:03,42.6001,-73.9662,86.63,38,14,3.62
17,Ushuaia,AR,2022-05-12 21:13:54,-54.8,-68.3,42.46,100,75,3.44
18,Beringovskiy,RU,2022-05-12 21:22:13,63.05,179.3167,37.63,73,28,4.72
19,Punta Arenas,CL,2022-05-12 21:16:21,-53.15,-70.9167,44.11,81,40,10.36
20,Atuona,PF,2022-05-12 21:20:00,-9.8,-139.0333,79.07,77,12,23.29
21,Kapaa,US,2022-05-12 21:16:09,22.0752,-159.319,80.58,79,75,17.27
22,Hilo,US,2022-05-12 21:11:50,19.7297,-155.09,85.28,72,40,12.66
23,Tauranga,NZ,2022-05-12 21:22:15,-37.6861,176.1667,55.92,59,15,1.99
24,Alice Springs,AU,2022-05-12 21:22:15,-23.7,133.8833,42.35,75,38,0.0
25,Verkhnyaya Inta,RU,2022-05-12 21:22:16,65.9811,60.3094,42.44,85,78,11.12
26,Adrar,MR,2022-05-12 21:22:16,20.5022,-10.0711,92.61,11,2,9.19
27,Coolum Beach,AU,2022-05-12 21:22:17,-26.5333,153.1,73.11,98,100,15.99
28,Ust-Omchug,RU,2022-05-12 21:22:18,61.15,149.6333,30.99,83,65,1.16
29,Georgetown,MY,2022-05-12 21:22:03,5.4112,100.3354,80.53,93,40,3.44
30,Torbay,CA,2022-05-12 21:22:18,47.6666,-52.7314,51.76,74,75,18.41
31,Pevek,RU,2022-05-12 21:22:19,69.7008,170.3133,20.52,92,98,15.48
32,Aklavik,CA,2022-05-12 21:22:19,68.2191,-135.0107,50.0,50,75,8.05
33,Cape Town,ZA,2022-05-12 21:20:37,-33.9258,18.4232,61.11,80,75,14.97
34,Brae,GB,2022-05-12 21:22:20,60.3964,-1.353,47.71,87,100,22.06
35,Buala,SB,2022-05-12 21:22:21,-8.145,159.5921,81.28,77,87,1.54
36,Valverde Del Camino,ES,2022-05-12 21:22:22,37.5751,-6.7543,69.03,59,4,2.21
37,Inongo,CD,2022-05-12 21:22:22,-1.95,18.2667,72.07,95,77,4.47
38,Bluff,NZ,2022-05-12 21:22:23,-46.6,168.3333,48.79,81,100,10.47
39,Baruun-Urt,MN,2022-05-12 21:22:23,46.6806,113.2792,35.29,80,100,15.28
40,Camacha,PT,2022-05-12 21:22:24,33.0833,-16.3333,62.02,82,20,14.97
41,Wang Saphung,TH,2022-05-12 21:22:25,17.301,101.7685,77.74,85,100,2.73
42,Mahebourg,MU,2022-05-12 21:22:25,-20.4081,57.7,73.69,88,40,5.75
43,Castro,BR,2022-05-12 21:16:11,-24.7911,-50.0119,57.6,87,2,2.91
44,Tecoanapa,MX,2022-05-12 21:21:20,16.5167,-98.75,89.28,60,8,13.67
45,Tuktoyaktuk,CA,2022-05-12 21:16:14,69.4541,-133.0374,46.4,53,75,11.5
46,Tomatlan,MX,2022-05-12 21:22:26,19.9333,-105.25,94.91,27,50,11.34
47,Sao Filipe,CV,2022-05-12 21:22:27,14.8961,-24.4956,75.27,73,65,10.25
48,Nikolskoye,RU,2022-05-12 21:22:27,59.7035,30.7861,48.87,85,100,11.7
49,Salalah,OM,2022-05-12 21:16:20,17.0151,54.0924,86.09,51,0,3.44
50,Sault Sainte Marie,CA,2022-05-12 21:20:58,46.5168,-84.3333,84.76,37,100,9.22
51,Vostok,RU,2022-05-12 21:18:25,46.4856,135.8833,43.88,69,99,1.99
52,New Norfolk,AU,2022-05-12 21:22:29,-42.7826,147.0587,48.65,90,24,2.15
53,Hermanus,ZA,2022-05-12 21:22:29,-34.4187,19.2345,61.81,73,10,12.08
54,Mount Isa,AU,2022-05-12 21:22:30,-20.7333,139.5,55.17,100,25,0.0
55,Frontera,MX,2022-05-12 21:22:30,26.9333,-101.45,98.33,34,40,8.99
56,Praia,CV,2022-05-12 21:22:31,14.9215,-23.5087,79.34,50,0,19.57
57,Upernavik,GL,2022-05-12 21:16:04,72.7868,-56.1549,17.89,85,10,7.27
58,East London,ZA,2022-05-12 21:22:32,-33.0153,27.9116,64.8,82,0,14.65
59,Ugoofaaru,MV,2022-05-12 21:22:32,5.6667,73.0,83.55,78,100,21.54
60,Hithadhoo,MV,2022-05-12 21:21:19,-0.6,73.0833,83.23,71,100,14.79
61,Chokurdakh,RU,2022-05-12 21:22:33,70.6333,147.9167,26.28,93,100,8.1
62,Srednekolymsk,RU,2022-05-12 21:22:34,67.45,153.6833,33.98,93,7,6.93
63,Kodiak,US,2022-05-12 21:16:19,57.79,-152.4072,51.31,50,40,9.22
64,Kyra,RU,2022-05-12 21:22:35,49.5776,111.9753,33.48,89,97,5.3
65,Hay River,CA,2022-05-12 21:17:37,60.8156,-115.7999,42.78,65,10,10.36
66,Stornoway,GB,2022-05-12 21:22:35,58.2093,-6.3865,48.16,89,75,11.5
67,Bredasdorp,ZA,2022-05-12 21:22:36,-34.5322,20.0403,55.87,66,1,8.55
68,Ilulissat,GL,2022-05-12 21:22:36,69.2167,-51.1,26.62,68,100,10.36
69,Jamestown,US,2022-05-12 21:20:36,42.097,-79.2353,83.84,20,0,0.0
70,Sebezh,RU,2022-05-12 21:22:37,56.2955,28.4654,45.91,83,15,9.84
71,Vila Franca Do Campo,PT,2022-05-12 21:16:13,37.7167,-25.4333,62.2,72,100,7.87
72,Villa Guerrero,MX,2022-05-12 21:22:38,18.8667,-99.65,85.62,17,2,6.49
73,Norman Wells,CA,2022-05-12 21:16:01,65.282,-126.8329,57.24,30,20,5.75
74,Dunedin,NZ,2022-05-12 21:21:56,-45.8742,170.5036,51.8,75,83,4.68
75,Provideniya,RU,2022-05-12 21:15:57,64.3833,-173.3,39.36,81,75,2.24
76,Geraldton,AU,2022-05-12 21:22:39,-28.7667,114.6,54.01,94,75,8.05
77,San Patricio,US,2022-05-12 21:16:11,28.017,-97.5169,91.18,52,0,17.52
78,Manta,EC,2022-05-12 21:22:40,-0.95,-80.7333,80.38,83,100,11.5
79,Aquin,HT,2022-05-12 21:22:40,18.2833,-73.4,82.99,66,87,11.21
80,Mataura,NZ,2022-05-12 21:16:12,-46.1927,168.8643,48.47,86,100,2.62
81,Saint-Georges,GD,2022-05-12 21:22:41,12.0564,-61.7485,83.88,70,20,27.63
82,Iquique,CL,2022-05-12 21:22:42,-20.2208,-70.1431,64.44,72,26,4.09
83,Mount Gambier,AU,2022-05-12 21:22:42,-37.8333,140.7667,56.37,88,100,3.24
84,Burns Lake,CA,2022-05-12 21:22:43,54.2331,-125.7533,49.06,55,100,4.5
85,Ponta Do Sol,PT,2022-05-12 21:22:43,32.6667,-17.1,67.71,81,59,2.3
86,Qaanaaq,GL,2022-05-12 21:22:44,77.484,-69.3632,17.62,74,18,2.48
87,Hovd,MN,2022-05-12 21:22:44,48.0056,91.6419,40.33,24,17,2.35
88,Cheney,US,2022-05-12 21:19:11,47.4874,-117.5758,56.28,48,100,10.36
89,La Ronge,CA,2022-05-12 21:22:45,55.1001,-105.2842,64.62,32,20,12.66
90,Meulaboh,ID,2022-05-12 21:22:46,4.1363,96.1285,77.76,85,99,3.91
91,Esperance,AU,2022-05-12 21:22:46,-33.8667,121.9,55.24,89,100,16.37
92,Taoudenni,ML,2022-05-12 21:22:47,22.6783,-3.9836,91.42,8,0,11.83
93,Naliya,IN,2022-05-12 21:22:48,23.2667,68.8333,81.84,79,8,15.05
94,Saint-Philippe,RE,2022-05-12 21:16:07,-21.3585,55.7679,69.39,75,37,6.22
95,Nome,US,2022-05-12 21:22:48,64.5011,-165.4064,39.16,81,75,21.85
96,Zaykovo,RU,2022-05-12 21:22:49,57.5613,62.7568,50.22,58,95,5.64
97,Soc Trang,VN,2022-05-12 21:22:50,9.6033,105.98,80.44,83,100,5.17
98,Port Augusta,AU,2022-05-12 21:22:50,-32.5,137.7667,54.45,89,58,2.44
99,Felsotarkany,HU,2022-05-12 21:22:51,47.9667,20.4167,60.42,84,27,4.85
100,Cayenne,GF,2022-05-12 21:22:51,4.9333,-52.3333,82.44,1,75,9.22
101,Cidreira,BR,2022-05-12 21:22:52,-30.1811,-50.2056,59.7,79,14,8.95
102,Luau,AO,2022-05-12 21:22:53,-10.7073,22.2247,67.8,64,33,4.36
103,Waycross,US,2022-05-12 21:22:53,31.2136,-82.354,82.63,51,100,6.91
104,Wanxian,CN,2022-05-12 21:22:54,30.8039,108.3897,69.89,86,91,3.69
105,Coihaique,CL,2022-05-12 21:22:54,-45.5752,-72.0662,47.01,93,100,3.44
106,Raga,SS,2022-05-12 21:22:55,8.4596,25.678,70.93,84,100,5.95
107,Cabo San Lucas,MX,2022-05-12 21:18:02,22.8909,-109.9124,96.62,51,17,6.17
108,Barrow,US,2022-05-12 21:16:02,71.2906,-156.7887,26.62,80,100,9.22
109,Port Alfred,ZA,2022-05-12 21:16:03,-33.5906,26.891,62.51,82,1,13.33
110,Bethel,US,2022-05-12 21:14:35,41.3712,-73.414,80.42,62,0,9.22
111,Ponta Delgada,PT,2022-05-12 21:22:57,37.7333,-25.6667,62.51,67,20,10.36
112,Saldanha,ZA,2022-05-12 21:22:57,-33.0117,17.9442,50.05,75,84,7.09
113,Vaini,TO,2022-05-12 21:16:18,-21.2,-175.2,73.56,64,75,11.5
114,Hobart,AU,2022-05-12 21:16:17,-42.8794,147.3294,49.01,94,0,8.05
115,Timmins,CA,2022-05-12 21:22:58,48.4669,-81.3331,64.22,88,100,5.75
116,Leningradskiy,RU,2022-05-12 21:22:59,69.3833,178.4167,24.1,77,21,5.57
117,Kahului,US,2022-05-12 21:22:59,20.8947,-156.47,86.02,37,40,20.71
118,Quatre Cocos,MU,2022-05-12 21:23:00,-20.2078,57.7625,73.51,86,20,10.07
119,Minot,US,2022-05-12 21:23:00,48.2325,-101.2963,62.71,67,100,14.97
120,Khasan,RU,2022-05-12 21:23:01,42.4308,130.6434,46.74,74,94,5.03
121,Sakakah,SA,2022-05-12 21:23:01,29.9697,40.2064,72.97,21,0,7.47
122,Souillac,MU,2022-05-12 21:23:02,-20.5167,57.5167,73.78,88,40,5.75
123,Longyearbyen,SJ,2022-05-12 21:23:03,78.2186,15.6401,19.24,58,0,8.05
124,Pekan,MY,2022-05-12 21:23:04,3.4836,103.3996,75.31,92,100,2.98
125,Severo-Kurilsk,RU,2022-05-12 21:23:04,50.6789,156.125,40.57,90,71,3.0
126,Maneadero,MX,2022-05-12 21:23:05,31.7167,-116.5667,66.09,53,0,11.63
127,Araouane,ML,2022-05-12 21:21:11,18.9048,-3.5265,91.08,8,11,11.59
128,Eyl,SO,2022-05-12 21:15:58,7.9803,49.8164,82.42,81,100,14.65
129,Lima,PE,2022-05-12 21:18:26,-12.0432,-77.0282,62.38,23,100,11.5
130,Urucara,BR,2022-05-12 21:23:06,-2.5364,-57.76,80.89,86,11,3.22
131,Tasiilaq,GL,2022-05-12 21:16:04,65.6145,-37.6368,28.56,64,26,4.61
132,Inta,RU,2022-05-12 21:23:07,66.0317,60.1659,42.69,86,87,10.27
133,Nazas,MX,2022-05-12 21:23:08,25.2333,-104.1333,96.64,14,13,3.6
134,Panguna,PG,2022-05-12 21:23:08,-6.3164,155.4848,72.34,81,31,0.63
135,Tadine,NC,2022-05-12 21:23:09,-21.55,167.8833,73.08,60,100,20.38
136,Bastia,FR,2022-05-12 21:23:09,42.6667,9.3333,63.3,83,0,3.44
137,Jatiroto,ID,2022-05-12 21:23:10,-7.8833,111.1167,74.48,94,20,2.53
138,Puerto Ayora,EC,2022-05-12 21:16:06,-0.7393,-90.3518,82.36,91,53,4.0
139,Salina Cruz,MX,2022-05-12 21:23:11,16.1667,-95.2,96.96,34,0,23.8
140,Sur,OM,2022-05-12 21:23:11,22.5667,59.5289,88.23,32,52,10.07
141,Durango,MX,2022-05-12 21:19:52,24.8333,-104.8333,87.93,13,18,8.77
142,Sao Joao Da Barra,BR,2022-05-12 21:23:12,-21.6403,-41.0511,75.29,78,84,16.11
143,Fairbanks,US,2022-05-12 21:20:59,64.8378,-147.7164,44.94,83,75,10.36
144,Anadyr,RU,2022-05-12 21:23:13,64.75,177.4833,36.1,64,0,13.42
145,Luderitz,NA,2022-05-12 21:23:13,-26.6481,15.1594,55.13,79,4,11.12
146,Annau,TM,2022-05-12 21:23:14,37.8876,58.516,60.3,82,100,13.8
147,Airai,TL,2022-05-12 21:23:14,-8.9266,125.4092,59.5,91,73,1.19
148,Moose Factory,CA,2022-05-12 21:23:15,51.2585,-80.6094,55.4,76,100,6.91
149,Yellowknife,CA,2022-05-12 21:16:05,62.456,-114.3525,46.56,61,40,10.0
150,Bandarban,BD,2022-05-12 21:23:15,22.1965,92.2262,74.05,98,22,3.22
151,Lebu,CL,2022-05-12 21:23:16,-37.6167,-73.65,55.0,82,94,6.67
152,Nobeoka,JP,2022-05-12 21:23:17,32.5833,131.6667,68.02,97,100,0.78
153,Dikson,RU,2022-05-12 21:23:17,73.5069,80.5464,15.24,92,98,6.02
154,Denpasar,ID,2022-05-12 21:22:51,-8.65,115.2167,82.06,94,40,2.3
155,Colombo,LK,2022-05-12 21:19:48,6.9319,79.8478,80.8,84,53,15.59
156,Poya,NC,2022-05-12 21:23:18,-21.35,165.15,72.63,67,100,11.97
157,Carnarvon,AU,2022-05-12 21:16:15,-24.8667,113.6333,64.47,100,75,12.66
158,Bambous Virieux,MU,2022-05-12 21:23:19,-20.3428,57.7575,73.65,88,40,5.75
159,Dongsheng,CN,2022-05-12 21:23:20,39.8161,109.9776,37.42,28,19,8.32
160,Berasia,IN,2022-05-12 21:23:20,23.6333,77.4333,93.38,14,7,4.56
161,Novikovo,RU,2022-05-12 21:23:21,51.1537,37.8879,59.16,87,99,19.13
162,Kaitangata,NZ,2022-05-12 21:23:21,-46.2817,169.8464,45.79,77,78,5.01
163,Cortez,US,2022-05-12 21:23:22,37.3489,-108.5859,62.04,15,0,10.74
164,Samarai,PG,2022-05-12 21:16:10,-10.6167,150.6667,81.59,78,98,6.15
165,Margate,GB,2022-05-12 21:23:23,51.3813,1.3862,53.69,76,22,3.0
166,Porto Novo,BJ,2022-05-12 21:22:06,6.4965,2.6036,84.02,79,93,7.83
167,Oban,GB,2022-05-12 21:23:23,56.4127,-5.4706,48.38,93,100,16.49
168,Ketchikan,US,2022-05-12 21:23:24,55.3422,-131.6461,46.87,76,100,6.91
169,Kupang,ID,2022-05-12 21:23:24,-10.1667,123.5833,76.24,86,44,1.77
170,Ducheng,CN,2022-05-12 21:23:25,23.2373,111.5317,72.32,98,100,2.46
171,Lavrentiya,RU,2022-05-12 21:18:41,65.5833,-171.0,30.45,80,8,7.72
172,Ural,RU,2022-05-12 21:23:26,55.9078,94.7464,45.3,48,45,2.21
173,Klaksvik,FO,2022-05-12 21:23:26,62.2266,-6.589,43.72,65,91,23.64
174,Visby,SE,2022-05-12 21:23:27,57.6409,18.296,51.06,81,40,14.97
175,Savonlinna,FI,2022-05-12 21:23:28,61.8699,28.88,44.65,93,20,4.61
176,Isangel,VU,2022-05-12 21:22:47,-19.55,169.2667,71.71,83,100,0.0
177,Beni Mazar,EG,2022-05-12 21:23:28,28.4962,30.8029,77.86,26,42,15.52
178,Lincoln,US,2022-05-12 21:19:39,40.8,-96.667,96.87,38,0,31.07
179,Maragheh,IR,2022-05-12 21:23:29,37.3917,46.2398,46.67,87,0,6.91
180,Ixtapa,MX,2022-05-12 21:23:25,20.7,-105.2,94.28,35,60,8.59
181,Harper,LR,2022-05-12 21:23:30,4.375,-7.7169,78.84,87,99,5.53
182,Englehart,CA,2022-05-12 21:23:30,47.8169,-79.8664,86.56,20,20,21.85
183,Tarko-Sale,RU,2022-05-12 21:23:31,64.9225,77.785,48.2,62,100,11.21
184,Victoria,HK,2022-05-12 21:21:59,22.2855,114.1577,78.94,97,100,3.0
185,Tilichiki,RU,2022-05-12 21:23:32,60.4667,166.1,32.83,90,100,4.88
186,Tsabong,BW,2022-05-12 21:23:32,-26.0217,22.401,68.0,28,1,8.57
187,Ranong,TH,2022-05-12 21:23:33,9.9658,98.6348,80.62,86,97,7.36
188,Mayo,US,2022-05-12 21:23:33,38.8876,-76.5119,73.81,80,100,6.91
189,Neryungri,RU,2022-05-12 21:23:34,56.6709,124.6491,28.35,97,100,4.76
190,Gat,IL,2022-05-12 21:23:35,31.61,34.7642,69.4,61,20,5.93
191,Cao Bang,VN,2022-05-12 21:23:35,22.6667,106.25,72.59,98,100,1.25
192,Nola,IT,2022-05-12 21:23:36,40.922,14.5329,65.16,89,13,1.25
193,Zhigansk,RU,2022-05-12 21:23:36,66.7697,123.3711,31.44,93,92,10.56
194,Makakilo City,US,2022-05-12 21:23:37,21.3469,-158.0858,82.15,52,0,16.11
195,Mitsamiouli,KM,2022-05-12 21:23:37,-11.3847,43.2844,79.7,68,7,5.99
196,Miri,MY,2022-05-12 21:23:38,4.4148,114.0089,75.34,100,40,2.3
197,Mahon,ES,2022-05-12 21:23:38,39.8885,4.2658,61.36,94,0,5.75
198,Orlik,RU,2022-05-12 21:23:39,52.5178,99.825,32.63,46,2,1.59
199,Sovetskiy,RU,2022-05-12 21:23:39,61.3614,63.5842,43.75,93,20,4.94
200,Fortuna,US,2022-05-12 21:23:40,40.5982,-124.1573,58.91,63,100,10.36
201,Olavarria,AR,2022-05-12 21:23:41,-36.8927,-60.3225,56.01,63,89,10.22
202,Ust-Tsilma,RU,2022-05-12 21:23:41,65.441,52.1498,44.01,93,100,8.75
203,Mirante Do Paranapanema,BR,2022-05-12 21:23:42,-22.2919,-51.9064,66.74,53,0,3.27
204,Faya,SA,2022-05-12 21:23:42,18.3851,42.4509,71.71,32,0,4.79
205,Saint George,US,2022-05-12 21:23:43,37.1041,-113.5841,72.79,19,0,4.0
206,Wasilla,US,2022-05-12 21:23:44,61.5814,-149.4394,54.66,37,0,5.75
207,Komsomolskiy,UZ,2022-05-12 21:23:44,40.4272,71.7189,68.72,52,100,6.91
208,Ola,RU,2022-05-12 21:23:45,59.5833,151.2833,43.14,84,50,3.42
209,Haines Junction,CA,2022-05-12 21:23:45,60.7522,-137.5108,49.95,34,89,4.61
210,Ruma,RS,2022-05-12 21:23:46,45.0081,19.8222,71.42,59,8,1.05
211,Andenes,NO,2022-05-12 21:23:47,69.3143,16.1194,37.38,87,75,11.5
212,Fonte Boa,BR,2022-05-12 21:23:47,-2.4959,-66.2662,80.2,94,27,3.33
213,Priyutnoye,RU,2022-05-12 21:23:48,46.1011,43.5072,51.96,79,14,11.63
214,Salinas,US,2022-05-12 21:23:48,36.6777,-121.6555,72.99,51,0,11.5
215,Cherskiy,RU,2022-05-12 21:23:49,68.75,161.3,31.91,89,94,11.68
216,Pandan,PH,2022-05-12 21:23:49,14.0453,124.1694,79.07,84,20,6.29
217,North Bend,US,2022-05-12 21:21:32,43.4065,-124.2243,53.24,95,100,12.66
218,Sorong,ID,2022-05-12 21:23:50,-0.8833,131.25,78.93,87,100,5.12
219,Hasaki,JP,2022-05-12 21:23:51,35.7333,140.8333,64.8,97,100,9.55
220,Mar Del Plata,AR,2022-05-12 21:19:10,-38.0023,-57.5575,55.87,73,0,11.99
221,Arlit,NE,2022-05-12 21:23:52,18.7369,7.3853,89.6,10,0,12.86
222,Pisco,PE,2022-05-12 21:23:52,-13.7,-76.2167,69.85,73,0,8.05
223,Flinders,AU,2022-05-12 21:23:53,-34.5833,150.8552,68.38,92,100,7.0
224,Conceicao Do Araguaia,BR,2022-05-12 21:23:53,-8.2578,-49.2647,82.47,64,96,3.38
225,Turukhansk,RU,2022-05-12 21:23:54,65.8167,87.9833,36.68,100,100,4.94
226,Honiara,SB,2022-05-12 21:23:54,-9.4333,159.95,79.66,78,98,1.45
227,Baykit,RU,2022-05-12 21:19:17,61.67,96.37,34.41,97,78,0.74
228,Yulara,AU,2022-05-12 21:23:55,-25.2406,130.9889,53.91,64,0,7.02
229,Roma,US,2022-05-12 21:22:04,43.2128,-75.4557,84.34,17,0,10.36
230,Bubaque,GW,2022-05-12 21:23:56,11.2833,-15.8333,77.77,81,9,19.26
231,Tuatapere,NZ,2022-05-12 21:23:57,-46.1333,167.6833,49.44,83,100,4.21
232,Lucapa,AO,2022-05-12 21:23:57,-8.4192,20.7447,74.08,62,100,0.85
233,Kolaras,IN,2022-05-12 21:23:58,25.2333,77.6,92.5,18,38,7.11
234,Yaan,NG,2022-05-12 21:23:58,7.3833,8.5667,81.1,68,52,5.95
235,Port Elizabeth,ZA,2022-05-12 21:23:59,-33.918,25.5701,59.31,92,0,5.01
236,Conde,BR,2022-05-12 21:23:59,-7.2597,-34.9075,78.26,89,75,8.05
237,Beidao,CN,2022-05-12 21:24:00,34.5686,105.8933,51.71,81,100,2.62
238,Sitka,US,2022-05-12 21:24:00,57.0531,-135.33,51.69,62,40,4.61
239,Sume,BR,2022-05-12 21:24:01,-7.6717,-36.88,77.76,67,100,10.8
240,New Ulm,US,2022-05-12 21:22:12,44.3125,-94.4605,93.92,44,0,17.27
241,Coahuayana,MX,2022-05-12 21:24:02,18.7333,-103.6833,94.3,37,5,8.9
242,Nanortalik,GL,2022-05-12 21:24:02,60.1432,-45.2371,35.87,76,100,3.04
243,Kulhudhuffushi,MV,2022-05-12 21:21:20,6.6221,73.07,82.56,77,85,19.3
244,Teeli,RU,2022-05-12 21:24:03,51.0333,90.2333,42.64,34,0,0.51
245,Chengde,CN,2022-05-12 21:24:04,40.9725,117.9361,40.75,30,2,2.37
246,Raymond,US,2022-05-12 21:24:04,43.9015,-70.4703,84.69,38,32,7.09
247,Avera,US,2022-05-12 21:24:05,33.194,-82.5271,82.38,54,88,12.84
248,Birin,NP,2022-05-12 21:24:05,26.8865,88.0718,61.16,85,22,4.25
249,Shelburne,CA,2022-05-12 21:24:06,44.0787,-80.2041,84.65,58,100,10.74
250,Kamaishi,JP,2022-05-12 21:24:07,39.2667,141.8833,58.28,97,100,8.03
251,Weyburn,CA,2022-05-12 21:24:08,49.6668,-103.8511,61.02,39,100,20.71
252,Oparino,RU,2022-05-12 21:24:09,59.8518,48.2783,40.51,86,56,5.37
253,Namatanai,PG,2022-05-12 21:24:09,-3.6667,152.4333,79.99,82,95,5.21
254,Matagami,CA,2022-05-12 21:24:10,49.7502,-77.6328,57.31,94,100,4.61
255,Toamasina,MG,2022-05-12 21:24:11,-18.1667,49.3833,71.6,94,40,4.61
256,Songkhla,TH,2022-05-12 21:24:11,6.8333,100.6667,78.85,94,100,3.69
257,Thompson,CA,2022-05-12 21:24:12,55.7435,-97.8558,62.76,34,75,0.0
258,Tulum,MX,2022-05-12 21:24:12,20.2167,-87.4667,84.63,54,0,10.63
259,Pangnirtung,CA,2022-05-12 21:24:13,66.1451,-65.7125,24.8,80,20,17.27
260,Isla Vista,US,2022-05-12 21:24:13,34.4133,-119.861,80.35,34,69,4.0
261,Hondo,JP,2022-05-12 21:24:14,32.45,130.2,68.41,99,100,2.86
262,Medicine Hat,CA,2022-05-12 21:24:14,50.0501,-110.6683,63.03,28,100,8.05
263,Kalmunai,LK,2022-05-12 21:24:15,7.4167,81.8167,80.17,74,100,5.28
264,Kattivakkam,IN,2022-05-12 21:24:16,13.2167,80.3167,80.69,90,100,14.76
265,Ulladulla,AU,2022-05-12 21:24:16,-35.35,150.4667,63.99,95,100,6.24
266,Kurchum,KZ,2022-05-12 21:24:17,48.5722,83.6542,56.26,44,5,5.03
267,Itaituba,BR,2022-05-12 21:24:18,-4.2761,-55.9836,89.76,66,20,4.61
268,Urazovo,RU,2022-05-12 21:24:18,50.0836,38.0395,60.93,64,87,20.85
269,Korocha,RU,2022-05-12 21:24:19,50.8107,37.1953,63.32,90,100,19.04
270,Chumphon,TH,2022-05-12 21:24:19,10.3333,98.8333,74.01,92,99,2.01
271,Ancud,CL,2022-05-12 21:24:20,-41.8697,-73.8203,48.4,70,41,16.49
272,Los Llanos De Aridane,ES,2022-05-12 21:24:21,28.6585,-17.9182,64.15,90,100,12.66
273,Shenjiamen,CN,2022-05-12 21:24:21,29.9576,122.298,62.47,97,100,13.47
274,Pingliang,CN,2022-05-12 21:24:22,35.5392,106.6861,44.42,86,98,3.36
275,Maragogi,BR,2022-05-12 21:24:22,-9.0122,-35.2225,78.19,81,26,7.23
276,Chuy,UY,2022-05-12 21:16:17,-33.6971,-53.4616,54.91,71,45,6.35
277,Usogorsk,RU,2022-05-12 21:24:23,63.4106,48.6872,44.11,91,100,9.01
278,Kenai,US,2022-05-12 21:24:24,60.5544,-151.2583,54.03,58,0,11.5
279,Oskaloosa,US,2022-05-12 21:21:46,41.2964,-92.6444,96.78,28,0,20.71
280,Vardo,NO,2022-05-12 21:24:24,70.3705,31.1107,35.58,80,59,9.22
281,Maputo,MZ,2022-05-12 21:24:25,-25.9653,32.5892,70.23,93,0,3.0
282,Nouadhibou,MR,2022-05-12 21:24:26,20.931,-17.0347,69.78,78,11,20.71
283,Fuling,CN,2022-05-12 21:24:26,29.7022,107.3919,67.42,85,81,4.05
284,Cabedelo,BR,2022-05-12 21:24:27,-6.9811,-34.8339,79.47,82,16,11.21
285,Narsaq,GL,2022-05-12 21:24:27,60.9167,-46.05,43.02,88,100,0.94
286,Severnoye,RU,2022-05-12 21:24:28,56.3491,78.3619,52.63,36,96,1.54
287,Trapani,IT,2022-05-12 21:24:29,37.8333,12.6667,65.28,88,0,4.61
288,Khatanga,RU,2022-05-12 21:24:29,71.9667,102.5,8.42,94,12,10.29
289,Marystown,CA,2022-05-12 21:24:30,47.1666,-55.1483,54.86,100,60,8.01
290,Fredericton,CA,2022-05-12 21:24:30,45.9454,-66.6656,81.64,17,0,6.91
291,San Francisco,US,2022-05-12 21:24:31,37.7749,-122.4194,69.31,63,75,17.27
292,Alta Floresta,BR,2022-05-12 21:24:31,-9.8756,-56.0861,78.93,77,2,4.47
293,Garissa,KE,2022-05-12 21:24:32,-0.4536,39.6401,76.93,74,99,16.26
294,Walvis Bay,NA,2022-05-12 21:24:32,-22.9575,14.5053,58.15,72,74,1.14
295,Phan Thiet,VN,2022-05-12 21:24:33,10.9333,108.1,78.96,88,66,5.5
296,Kushiro,JP,2022-05-12 21:24:34,42.975,144.3747,47.21,98,100,3.33
297,Seybaplaya,MX,2022-05-12 21:24:34,19.65,-90.6667,85.46,65,0,14.16
298,Westport,US,2022-05-12 21:24:35,41.1415,-73.3579,78.35,81,40,10.36
299,Pottsville,US,2022-05-12 21:24:36,40.6857,-76.1955,77.95,80,96,6.35
300,Molango,MX,2022-05-12 21:24:36,20.7833,-98.7167,76.17,35,8,10.02
301,Portland,US,2022-05-12 21:24:37,45.5234,-122.6762,52.38,84,100,17.0
302,Poso,ID,2022-05-12 21:24:38,-1.3959,120.7524,78.06,87,97,3.15
303,Itarema,BR,2022-05-12 21:24:38,-2.9248,-39.9167,78.82,88,56,10.76
304,Vao,NC,2022-05-12 21:24:39,-22.6667,167.4833,72.84,60,100,24.92
305,Kaohsiung,TW,2022-05-12 21:24:39,22.6163,120.3133,79.03,79,75,3.44
306,Xiuyan,CN,2022-05-12 21:24:40,40.2928,123.2744,50.14,47,100,1.77
307,Barra Patuca,HN,2022-05-12 21:24:40,15.8,-84.2833,80.76,78,23,10.09
308,Laukaa,RU,2022-05-12 21:24:41,58.7372,29.8453,44.51,91,22,10.56
309,Nyakahanga,TZ,2022-05-12 21:24:41,-1.6033,31.1414,60.3,93,100,3.02
310,Snezhnogorsk,RU,2022-05-12 21:24:42,69.1933,33.2531,44.38,70,100,7.18
311,Ribeira Grande,PT,2022-05-12 21:16:23,38.5167,-28.7,60.98,69,100,12.26
312,Rafsanjan,IR,2022-05-12 21:24:43,30.4067,55.9939,77.4,7,0,7.81
313,Celestun,MX,2022-05-12 21:24:43,20.8667,-90.4,82.36,54,0,17.2
314,Simplicio Mendes,BR,2022-05-12 21:24:44,-7.8539,-41.9103,88.74,35,73,4.97
315,Hualmay,PE,2022-05-12 21:24:44,-11.0964,-77.6139,68.2,74,33,11.16
316,College,US,2022-05-12 21:24:45,64.8569,-147.8028,44.92,83,100,10.36
317,Namibe,AO,2022-05-12 21:24:45,-15.1961,12.1522,72.84,72,2,5.88
318,Port Arthur,CN,2022-05-12 21:20:30,38.8,121.2667,55.62,76,100,12.26
319,Mendoza,AR,2022-05-12 21:20:39,-32.8908,-68.8272,69.33,49,0,2.3
320,Blagoyevo,RU,2022-05-12 21:24:47,63.3667,47.9167,43.65,92,97,9.17
321,Birjand,IR,2022-05-12 21:24:47,32.8663,59.2211,59.47,11,0,6.91
322,Hami,CN,2022-05-12 21:24:48,42.8,93.45,59.9,20,77,23.58
323,Chirilagua,SV,2022-05-12 21:24:48,13.2203,-88.1386,90.14,43,6,7.11
324,Isiro,CD,2022-05-12 21:24:49,2.7739,27.616,67.71,100,100,2.95
325,Corowa,AU,2022-05-12 21:24:50,-36.0333,146.3833,61.41,97,99,5.91
326,Iqaluit,CA,2022-05-12 21:24:50,63.7506,-68.5145,24.53,73,75,17.27
327,Rocha,UY,2022-05-12 21:24:51,-34.4833,-54.3333,51.22,74,6,4.97
328,Mzimba,MW,2022-05-12 21:24:51,-11.9,33.6,58.39,59,18,6.2
329,Tuy Hoa,VN,2022-05-12 21:24:52,13.0833,109.3,78.62,86,76,4.41
330,High Prairie,CA,2022-05-12 21:24:52,55.4334,-116.4858,61.27,44,71,3.4
331,Havre-Saint-Pierre,CA,2022-05-12 21:24:53,50.2334,-63.5986,61.16,39,0,16.11
332,Bucerias,MX,2022-05-12 21:24:53,20.75,-105.3333,89.26,46,63,9.04
333,Griffith,US,2022-05-12 21:24:54,41.5284,-87.4237,93.88,30,0,13.8
334,Caravelas,BR,2022-05-12 21:24:55,-17.7125,-39.2481,76.19,83,2,7.63
335,Pinahat,IN,2022-05-12 21:24:55,26.8839,78.3781,91.42,31,2,7.47
336,Kut Chap,TH,2022-05-12 21:24:56,17.4257,102.5669,78.71,84,95,1.23
337,Faanui,PF,2022-05-12 21:24:56,-16.4833,-151.75,82.22,67,5,18.66
338,Kijang,KR,2022-05-12 21:24:57,35.2442,129.2139,62.33,85,100,10.18
339,Padang,ID,2022-05-12 21:24:58,-0.9492,100.3543,78.49,78,100,4.18
340,Puerto Baquerizo Moreno,EC,2022-05-12 21:24:58,-0.9,-89.6,77.99,73,75,10.36
341,Vestmannaeyjar,IS,2022-05-12 21:24:08,63.4427,-20.2734,41.18,59,28,16.6
342,Timizart,DZ,2022-05-12 21:24:59,36.8,4.2667,66.6,46,2,9.17
343,Husavik,IS,2022-05-12 21:24:59,66.0449,-17.3389,31.62,97,100,20.36
344,Kavieng,PG,2022-05-12 21:25:00,-2.5744,150.7967,82.04,73,100,8.93
345,Shumskiy,RU,2022-05-12 21:25:00,54.8318,99.1328,42.01,49,99,2.89
346,Vallenar,CL,2022-05-12 21:25:01,-28.5708,-70.7581,73.85,35,72,5.75
347,Elizabeth City,US,2022-05-12 21:25:02,36.2946,-76.2511,66.22,94,100,11.5
348,Martyush,RU,2022-05-12 21:25:02,56.4,61.8819,50.49,59,93,7.9
349,Waddan,LY,2022-05-12 21:25:03,29.1614,16.139,68.14,53,83,15.19
350,Tautira,PF,2022-05-12 21:25:03,-17.7333,-149.15,81.25,71,23,18.28
351,Chake Chake,TZ,2022-05-12 21:25:04,-5.2459,39.7666,78.76,79,100,12.5
352,Petropavlovsk-Kamchatskiy,RU,2022-05-12 21:20:48,53.0452,158.6483,41.59,100,75,4.47
353,Bud,US,2022-05-12 21:25:05,39.447,-86.1758,87.78,28,38,8.57
354,Adet,ET,2022-05-12 21:25:05,11.2644,37.4888,67.23,36,42,3.11
355,Port Lincoln,AU,2022-05-12 21:25:06,-34.7333,135.8667,59.32,79,100,10.13
356,Vanimo,PG,2022-05-12 21:25:07,-2.6741,141.3028,77.2,91,99,4.61
357,Great Yarmouth,GB,2022-05-12 21:25:07,52.6083,1.7305,57.45,78,89,11.45
358,Nakapiripirit,UG,2022-05-12 21:25:08,1.9167,34.7833,70.05,55,33,6.15
359,Tamiahua,MX,2022-05-12 21:25:09,21.2667,-97.45,85.98,60,16,14.52
360,Alekseyevsk,RU,2022-05-12 21:25:09,57.8406,108.3492,43.68,90,100,0.69
361,Bathsheba,BB,2022-05-12 21:25:10,13.2167,-59.5167,83.01,69,20,21.85
362,Beloha,MG,2022-05-12 21:25:10,-25.1667,45.05,63.3,85,4,8.34
363,Ostersund,SE,2022-05-12 21:25:11,63.1792,14.6357,39.65,81,40,8.05
364,San Blas,MX,2022-05-12 21:25:12,21.5167,-105.2667,86.34,49,52,8.68
365,Taltal,CL,2022-05-12 21:25:13,-25.4,-70.4833,64.38,70,24,2.86
366,Deputatskiy,RU,2022-05-12 21:25:13,69.3,139.9,32.29,99,100,7.31
367,Rio Grande,BR,2022-05-12 21:21:49,-32.035,-52.0986,60.91,72,42,8.28
368,Puri,IN,2022-05-12 21:25:14,19.8,85.85,82.92,86,2,19.57
369,Nhamunda,BR,2022-05-12 21:25:15,-2.1861,-56.7131,79.84,86,100,1.34
370,Maridi,SS,2022-05-12 21:25:16,4.9158,29.4742,67.05,97,99,4.38
371,Abong Mbang,CM,2022-05-12 21:25:17,3.9833,13.1833,72.41,73,62,0.38
372,Siniscola,IT,2022-05-12 21:25:17,40.5719,9.6922,60.35,73,8,3.6
373,Mogadishu,SO,2022-05-12 21:25:18,2.0371,45.3438,80.82,82,46,16.53
374,Berlevag,NO,2022-05-12 21:25:19,70.8578,29.0864,37.4,75,75,18.41
375,Cockburn Town,TC,2022-05-12 21:25:19,21.4612,-71.1419,82.36,74,75,17.27
376,Tungor,RU,2022-05-12 21:25:20,53.3808,142.9564,33.8,97,100,6.2
377,Nikolayevka,RU,2022-05-12 21:25:21,53.1257,47.2041,41.09,89,85,5.14
378,Pemba,MZ,2022-05-12 21:25:21,-12.974,40.5178,75.9,83,75,9.22
379,West Lorne,CA,2022-05-12 21:25:22,42.6001,-81.5998,80.46,59,49,8.34
380,Clyde River,CA,2022-05-12 21:25:23,70.4692,-68.5914,25.03,74,20,18.41
381,Mingshui,CN,2022-05-12 21:25:24,36.7167,117.5,52.12,90,100,4.59
382,Atambua,ID,2022-05-12 21:25:24,-9.1061,124.8925,72.48,88,51,2.71
383,Baracoa,CU,2022-05-12 21:25:25,20.3467,-74.4958,83.53,56,93,7.81
384,Shingu,JP,2022-05-12 21:25:05,33.7333,135.9833,66.49,99,100,4.25
385,Acapulco,MX,2022-05-12 21:23:04,16.8634,-99.8901,91.22,62,0,12.66
386,Hofn,IS,2022-05-12 21:25:26,64.2539,-15.2082,40.55,58,92,15.17
387,Sobolevo,RU,2022-05-12 21:25:27,54.4299,31.8996,47.08,92,1,11.83
388,Tripoli,LY,2022-05-12 21:24:58,32.8752,13.1875,64.56,71,3,4.18
389,Cap Malheureux,MU,2022-05-12 21:25:28,-19.9842,57.6142,73.47,82,14,1.01
390,Dwarka,IN,2022-05-12 21:25:28,22.2394,68.9678,82.56,82,2,16.87
391,Manbij,SY,2022-05-12 21:25:29,36.5281,37.9549,63.0,63,0,14.34
392,Luganville,VU,2022-05-12 21:25:29,-15.5333,167.1667,76.26,92,100,14.12
393,Talnakh,RU,2022-05-12 21:25:30,69.4865,88.3972,34.21,98,99,5.06
394,Inuvik,CA,2022-05-12 21:25:30,68.3499,-133.7218,52.66,40,75,11.5
395,Sola,VU,2022-05-12 21:25:31,-13.8833,167.55,77.67,94,100,0.0
396,Yining,CN,2022-05-12 21:25:32,29.0361,114.5636,64.49,99,100,1.92
397,San Cristobal,VE,2022-05-12 21:25:32,7.7669,-72.225,77.18,60,99,5.17
398,Mehamn,NO,2022-05-12 21:25:33,71.0357,27.8492,37.35,87,75,16.11
399,Hobyo,SO,2022-05-12 21:24:36,5.3505,48.5268,81.97,83,78,25.12
400,Guilin,CN,2022-05-12 21:25:34,25.2819,110.2864,68.11,92,100,4.16
401,Naldurg,IN,2022-05-12 21:25:34,17.8167,76.3,86.68,54,95,14.23
402,Pundaguitan,PH,2022-05-12 21:25:35,6.3711,126.1689,81.73,76,98,5.41
403,Kieta,PG,2022-05-12 21:25:35,-6.2167,155.6333,80.38,79,20,1.97
404,Banepa,NP,2022-05-12 21:25:36,27.6298,85.5214,66.52,94,20,2.3
405,Asau,RO,2022-05-12 21:25:37,46.4333,26.4,65.32,83,2,6.6
406,Codrington,AU,2022-05-12 21:25:37,-38.2667,141.9667,56.39,88,93,3.53
407,Grindavik,IS,2022-05-12 21:25:38,63.8424,-22.4338,40.95,65,20,16.11
408,Lianran,CN,2022-05-12 21:25:39,24.9227,102.485,59.54,92,73,1.74
409,Ozernovskiy,RU,2022-05-12 21:25:40,51.5,156.5167,41.41,82,68,9.57
410,Pasni,PK,2022-05-12 21:25:40,25.2631,63.471,84.29,53,8,11.16
411,Xiamen,CN,2022-05-12 21:22:00,24.4798,118.0819,73.45,100,75,2.24
412,Bengkulu,ID,2022-05-12 21:25:41,-3.8004,102.2655,75.83,87,100,2.73
413,Alyangula,AU,2022-05-12 21:25:41,-13.8483,136.4192,76.28,74,65,8.97
414,Staryy Nadym,RU,2022-05-12 21:25:42,65.6118,72.6842,42.4,85,70,10.11
415,Nuuk,GL,2022-05-12 21:25:43,64.1835,-51.7216,27.21,80,100,9.22
416,Khani,GE,2022-05-12 21:25:43,41.9563,42.9566,38.77,91,13,4.12
417,Hit,IQ,2022-05-12 21:25:44,33.6416,42.8251,75.51,20,0,10.42
418,Jutai,BR,2022-05-12 21:25:45,-5.1833,-68.9,82.54,82,48,2.35
419,Nishihara,JP,2022-05-12 21:25:45,26.1842,127.7558,78.85,97,75,12.66
420,Sparti,GR,2022-05-12 21:25:46,37.0733,22.4297,63.95,63,97,2.82
421,Lagoa,PT,2022-05-12 21:25:46,39.05,-27.9833,60.17,69,88,12.97
422,Tabas,IR,2022-05-12 21:25:47,33.5959,56.9244,77.2,15,0,8.93
423,Kloulklubed,PW,2022-05-12 21:25:47,7.0419,134.2556,83.55,78,100,11.81
424,Biak,ID,2022-05-12 21:25:48,-0.9131,122.8766,77.07,84,99,3.65
425,Warren,US,2022-05-12 21:25:49,39.4334,-84.1666,86.05,34,0,10.36
426,Maltahohe,NA,2022-05-12 21:25:49,-24.8333,16.9833,58.08,14,27,7.34
427,Otacilio Costa,BR,2022-05-12 21:25:50,-27.4831,-50.1219,51.66,85,0,2.24
428,Broome,US,2022-05-12 21:25:50,42.2506,-75.833,84.02,40,0,3.44
429,Lucera,IT,2022-05-12 21:25:51,41.5082,15.3351,58.82,67,20,2.8
430,Thessalon,CA,2022-05-12 21:25:52,46.2501,-83.5666,71.89,93,100,8.1
431,Muros,ES,2022-05-12 21:25:52,42.7762,-9.0603,62.1,81,100,9.4
432,Opuwo,NA,2022-05-12 21:21:25,-18.0607,13.84,65.01,25,0,7.02
433,Qinhuangdao,CN,2022-05-12 21:25:53,39.9317,119.5883,51.24,71,53,6.64
434,Letterkenny,IE,2022-05-12 21:25:53,54.95,-7.7333,49.95,91,100,15.99
435,Altagracia De Orituco,VE,2022-05-12 21:25:54,9.8601,-66.3814,91.22,37,100,4.38
436,Pilar,BR,2022-05-12 21:25:55,-9.5972,-35.9567,78.73,90,21,4.81
437,Beatrice,US,2022-05-12 21:25:55,40.2681,-96.747,95.27,38,0,18.41
438,San Quintin,MX,2022-05-12 21:25:56,30.4833,-115.95,69.06,43,2,13.69
439,Lorengau,PG,2022-05-12 21:25:56,-2.0226,147.2712,81.91,74,99,6.26
440,Churapcha,RU,2022-05-12 21:25:56,62.0025,132.4325,37.04,69,73,4.05
441,Huarmey,PE,2022-05-12 21:25:57,-10.0681,-78.1522,69.42,76,22,10.69
442,Beyneu,KZ,2022-05-12 21:25:58,45.3167,55.2,56.77,67,0,8.9
443,Bahia Blanca,AR,2022-05-12 21:25:58,-38.7196,-62.2724,52.32,82,75,9.22
444,Ippy,CF,2022-05-12 21:25:59,6.2679,21.2247,72.21,94,100,10.74
445,Guerrero Negro,MX,2022-05-12 21:25:59,27.9769,-114.0611,81.34,27,16,15.03
446,Te Anau,NZ,2022-05-12 21:26:00,-45.4167,167.7167,47.52,88,100,2.51
447,Bandarbeyla,SO,2022-05-12 21:26:01,9.4942,50.8122,81.61,87,97,15.39
448,Nador,MA,2022-05-12 21:23:56,35.174,-2.9287,66.45,82,0,2.3
449,Ojinaga,MX,2022-05-12 21:26:01,29.5667,-104.4167,103.57,16,0,13.8
450,Redwater,US,2022-05-12 21:26:02,33.3582,-94.2544,94.21,54,0,5.01
451,Floro,NO,2022-05-12 21:26:03,61.5996,5.0328,46.36,81,75,17.27
452,Port Blair,IN,2022-05-12 21:25:33,11.6667,92.75,78.84,94,75,2.3
453,Primorsk,UA,2022-05-12 21:26:03,46.7348,36.3443,57.76,79,25,15.28
454,Hamilton,US,2022-05-12 21:23:34,39.1834,-84.5333,87.01,34,0,9.22
455,Sindor,RU,2022-05-12 21:26:04,62.8629,51.8905,42.3,87,100,4.74
456,Asbe Teferi,ET,2022-05-12 21:26:05,9.0833,40.8667,65.68,30,16,2.46
457,Puerto Ayacucho,VE,2022-05-12 21:26:05,5.6639,-67.6236,88.09,64,99,3.0
458,Olafsvik,IS,2022-05-12 21:26:06,64.8945,-23.7142,35.69,73,96,28.25
459,Ust-Maya,RU,2022-05-12 21:26:07,60.4167,134.5333,37.45,75,100,2.57
460,Sayyan,YE,2022-05-12 21:26:07,15.1718,44.3244,65.89,20,28,7.49
461,Poum,NC,2022-05-12 21:26:08,-20.2333,164.0167,76.28,72,100,33.4
462,Botwood,CA,2022-05-12 21:26:08,49.1499,-55.3482,59.9,48,28,12.08
463,Touros,BR,2022-05-12 21:25:28,-5.1989,-35.4608,79.32,82,29,11.86
464,Bogashevo,RU,2022-05-12 21:26:09,56.3683,85.1447,47.73,45,0,0.0
465,Port Macquarie,AU,2022-05-12 21:25:11,-31.4333,152.9167,67.89,94,75,1.14
466,Mersing,MY,2022-05-12 21:26:10,2.4312,103.8405,76.91,88,20,0.0
467,Santa Rosa,PH,2022-05-12 21:21:26,14.3122,121.1114,83.08,75,21,3.67
468,Voh,NC,2022-05-12 21:26:11,-20.9667,164.7,72.99,65,100,10.11
469,De Aar,ZA,2022-05-12 21:26:11,-30.6497,24.0123,54.45,30,0,2.01
470,Kruisfontein,ZA,2022-05-12 21:26:12,-34.0033,24.7314,53.89,89,4,7.31
471,Sontra,DE,2022-05-12 21:26:12,51.0667,9.9333,58.62,68,97,0.83
472,Boyolangu,ID,2022-05-12 21:26:13,-8.1181,111.8935,76.15,92,32,0.58
473,Qaqortoq,GL,2022-05-12 21:26:13,60.7167,-46.0333,34.61,89,100,4.47
474,Mareeba,AU,2022-05-12 21:26:14,-17.0,145.4333,70.45,97,0,2.48
475,Sabang,ID,2022-05-12 21:26:14,5.8933,95.3214,83.77,75,100,18.14
476,Coronado,US,2022-05-12 21:25:30,32.6859,-117.1831,85.78,37,0,20.0
477,Ahipara,NZ,2022-05-12 21:26:15,-35.1667,173.1667,55.74,69,39,3.83
478,Mae Sai,TH,2022-05-12 21:26:16,20.4335,99.8762,72.28,95,30,1.66
479,Naryan-Mar,RU,2022-05-12 21:26:17,67.6713,53.087,40.33,99,100,9.1
480,Genhe,CN,2022-05-12 21:26:17,50.7833,121.5167,28.96,91,86,2.55
481,Kanniyakumari,IN,2022-05-12 21:26:18,8.0833,77.5667,80.55,81,71,18.45
482,Bolu,TR,2022-05-12 21:26:20,40.6667,31.5833,48.69,64,0,3.09
483,Paamiut,GL,2022-05-12 21:26:20,61.994,-49.6678,33.8,100,100,9.46
484,Guarapari,BR,2022-05-12 21:24:34,-20.6667,-40.4975,73.83,84,100,9.1
485,Penzance,GB,2022-05-12 21:26:22,50.1186,-5.5371,54.28,86,33,15.05
486,Marfino,RU,2022-05-12 21:26:22,55.7028,37.3822,55.65,74,75,17.9
487,Chernyshevskiy,RU,2022-05-12 21:26:23,63.0128,112.4714,36.03,97,100,4.07
488,Nsanje,MW,2022-05-12 21:26:24,-16.92,35.262,64.81,89,0,1.97
489,Marsaxlokk,MT,2022-05-12 21:26:25,35.8419,14.5431,66.07,77,0,2.3
490,Omsukchan,RU,2022-05-12 21:26:25,62.5333,155.8,31.87,80,17,5.53
491,Coquimbo,CL,2022-05-12 21:23:16,-29.9533,-71.3436,56.93,82,0,9.22
492,Bahir Dar,ET,2022-05-12 21:26:26,11.5936,37.3908,73.9,43,57,5.73
493,Cervo,ES,2022-05-12 21:26:27,43.6702,-7.4101,58.96,91,100,11.21
494,Mathathane,BW,2022-05-12 21:26:28,-22.2687,28.7495,67.37,53,0,8.34
495,Basco,PH,2022-05-12 21:26:29,20.4487,121.9702,83.75,76,36,18.21
496,Chacabuco,AR,2022-05-12 21:26:29,-34.6417,-60.4739,60.15,38,70,8.93
497,Senno,RU,2022-05-12 21:26:30,59.5336,33.9167,44.26,91,100,12.86
498,Macklin,CA,2022-05-12 21:26:31,52.3334,-109.9348,62.94,18,100,5.01
499,Ercis,TR,2022-05-12 21:26:31,39.0287,43.3586,40.66,82,63,3.4
500,Kota Kinabalu,MY,2022-05-12 21:26:32,5.9749,116.0724,76.98,94,20,3.44
501,Ceres,US,2022-05-12 21:26:34,37.5949,-120.9577,77.32,28,0,12.66
502,Vite,IN,2022-05-12 21:26:35,17.2833,74.55,75.88,81,99,14.99
503,Banff,CA,2022-05-12 21:22:49,51.1762,-115.5698,58.23,16,18,8.05
504,Leshukonskoye,RU,2022-05-12 21:26:35,64.8989,45.7622,46.15,94,75,6.78
505,Panaba,MX,2022-05-12 21:26:36,21.2833,-88.2667,87.04,38,0,16.49
506,Nizwa,OM,2022-05-12 21:26:37,22.9333,57.5333,83.84,19,100,4.09
507,Tigil,RU,2022-05-12 21:26:38,57.8,158.6667,46.15,62,100,2.48
508,Ambon,ID,2022-05-12 21:26:38,-3.6954,128.1814,77.14,94,40,1.14
509,Jacareacanga,BR,2022-05-12 21:26:39,-6.2222,-57.7528,81.07,75,100,2.46
510,Chapais,CA,2022-05-12 21:26:41,49.7834,-74.8492,60.58,53,100,4.41
511,Omboue,GA,2022-05-12 21:26:42,-1.5746,9.2618,77.56,90,88,6.93
512,Nantucket,US,2022-05-12 21:26:42,41.2835,-70.0995,64.54,92,100,13.8
513,Concordia,AR,2022-05-12 21:26:43,-31.393,-58.0209,62.78,72,0,4.61
514,Lobez,PL,2022-05-12 21:26:44,53.6392,15.6213,53.69,77,74,4.63
515,Kailua,US,2022-05-12 21:26:45,21.4022,-157.7394,83.61,65,40,9.22
516,Miranda,CO,2022-05-12 21:26:45,3.2499,-76.2281,82.53,71,84,1.36
517,Kavaratti,IN,2022-05-12 21:26:46,10.5669,72.642,84.36,69,100,8.86
518,Akdepe,TM,2022-05-12 21:26:47,42.0551,59.3788,66.29,53,86,10.29
519,Dingle,PH,2022-05-12 21:26:48,10.9995,122.6711,77.58,86,97,4.45
520,Lazaro Cardenas,MX,2022-05-12 21:24:27,17.9583,-102.2,90.03,51,3,14.67
521,Lubao,PH,2022-05-12 21:26:49,14.9167,120.55,82.11,82,11,1.48
522,Tateyama,JP,2022-05-12 21:26:50,34.9833,139.8667,65.1,99,100,2.44
523,Longyan,CN,2022-05-12 21:26:51,25.1072,117.0225,70.88,99,100,2.66
524,Contai,IN,2022-05-12 21:26:52,21.7786,87.7536,83.34,83,27,17.76
525,Baikunthpur,IN,2022-05-12 21:26:52,23.25,82.55,84.69,32,68,4.52
526,Ler,SS,2022-05-12 21:25:32,8.3018,30.1418,78.87,65,94,5.46
527,Kasongo-Lunda,CD,2022-05-12 21:26:53,-6.4667,16.8167,71.64,98,100,3.06
528,Umea,SE,2022-05-12 21:26:54,63.8284,20.2597,46.33,76,0,8.05
529,Mugur-Aksy,RU,2022-05-12 21:26:55,50.35,90.5,34.36,29,0,3.22
530,Mwene-Ditu,CD,2022-05-12 21:26:56,-7.0,23.45,69.04,65,78,4.05
531,Port Moresby,PG,2022-05-12 21:25:31,-9.4431,147.1797,74.62,94,75,11.5
532,Port Hardy,CA,2022-05-12 21:25:28,50.6996,-127.4199,46.4,81,75,9.22
533,Yelovo,RU,2022-05-12 21:26:57,57.0538,54.9207,47.43,85,99,8.32
534,Sept-Iles,CA,2022-05-12 21:26:57,50.2001,-66.3821,66.72,49,75,8.05
535,Mamontovo,RU,2022-05-12 21:26:58,52.7055,81.6244,55.83,35,36,3.44
536,Acarau,BR,2022-05-12 21:26:59,-2.8856,-40.12,79.18,88,54,10.65
537,Waipawa,NZ,2022-05-12 21:23:08,-41.4122,175.5153,44.87,81,43,4.94
